<?xml version="1.0" encoding="UTF-8"?>
<addon id="plugin.video.flow" version="1.5.1" name="Personal Flow" provider-name="Mariano Marcolongo (mariano-git)">
    <requires>
        <import addon="xbmc.python" version="3.0.0"/>
        <import addon="pvr.iptvsimple"/>
        <import addon="inputstream.adaptive"/>
        <import addon="script.module.inputstreamhelper"/>
        <import addon="script.module.piggy.base" version="1.0.0"/>
        <import addon="script.module.piggy.ws" version="1.0.0"/>
        <import addon="script.module.piggy.restful" version="1.0.0"/>
    </requires>
    <extension point="xbmc.python.pluginsource" library="addon.py">
        <provides>video</provides>
    </extension>
    <extension point="xbmc.service" library="service.py"/>
    <extension point="xbmc.addon.metadata">
        <summary lang="en_gb">Personal Flow Live TV</summary>
        <description lang="en_gb">Watch Personal Flow on Kodi</description>
        <disclaimer lang="en_gb">This add-on is experimental and may not be legal.</disclaimer>
        <summary lang="es_es">Personal Flow Live TV</summary>
        <description lang="es_es">Mira Personal Flow en Kodi</description>
        <disclaimer lang="es_es">Este componente es experimental y podria no ser legal.</disclaimer>
        <assets>
            <icon>resources/media/icon.png</icon>
        </assets>
        <platform>all</platform>
        <license>MIT</license>
        <website>https://github.com/mariano-git/plugin.video.flow</website>
        <source>https://github.com/mariano-git/plugin.video.flow</source>
        <news>
            V1.5.0 (2023-01)
            - Fix DRM negotiation
            - Directory integration
            - Stages integration
            - New configuration
            - Full WS integration
            v1.0.3rc (2022-10-23)
            - Radio first integration
            - Refactorization
            v1.0.2rc (2021-12-03)
            - Improve ws.rs
        </news>
    </extension>
</addon>