<?xml version='1.0' encoding='utf-8'?>
<addon id="script.module.piggy.ws" version="1.0.1" name="API for RESTful Web Services" provider-name="Mariano Marcolongo (mariano-git)">
    <requires>
        <import addon="xbmc.python" version="3.0.0"/>
    </requires>
    <extension point="xbmc.python.module" library="lib"/>
    <extension point="xbmc.addon.metadata">
        <summary lang="en_GB">Python porting of JAX-RS API for RESTful Web Services.</summary>
        <description lang="en_GB">Python porting of JAX-RS API for RESTful Web Services.</description>
        <description lang="es_ES">Python implementacion de JAX-RS para Servicios Web RESTful.</description>
        <disclaimer lang="en_GB">This code is experimental.</disclaimer>
        <disclaimer lang="es_ES">Este codigo es experimental.</disclaimer>
        <license>MIT</license>
        <platform>all</platform>
        <website>https://github.com/mariano-git/piggy.ws</website>
        <source>https://github.com/mariano-git/piggy.ws</source>
        <assets>
            <icon>resources/icon.png</icon>
        </assets>
        <news>
            v1.0.0
            - First implementation
        </news>
    </extension>
</addon>
